,prob,pred,actual,test_commit
0,0.2633333333333333,0,0,001f865c3cd5f55ddc52c8b68ef49d6b00fe0395
1,0.16,0,0,0044a90a7409c5b004cc2d0cc56f6afeaf54ccf9
2,0.16,0,0,006fea117307460544492a3548203a9ef31f34ba
3,0.4166666666666667,0,0,00a162c4d42a0f7813058d2ae5c3208b4f7a3157
4,0.006666666666666667,0,0,00a4f63f373af0b87c9c4ba8671720bb8324c80a
5,0.6,1,1,00dd97c7e9a852f4abd6e8460a0d094c01d3d0ba
6,0.15333333333333332,0,0,00f66513690153125713fa4c48907387d8321b4a
7,0.07333333333333333,0,0,00ff9367f25d34ea43aceb40a6146d8d53e5c06f
8,0.5233333333333333,1,1,010bd1f392e67a6fcd276593b8c79acfe41d1cc7
9,0.06333333333333334,0,0,010e9dbd124060a6f75722aa146fde0f3ff69ab7
10,0.09,0,0,010f8b14041090fe8a1ea57956b8d66dc382ecfe
11,0.2,0,0,02075a5a19b4ef85a78b4b5a097cd32b50a307fb
12,0.24,0,0,022a4da0507924f57b563e7a5a09ea9d01e63c0e
13,0.15666666666666668,0,0,0239429c193f89444a9086d2d2c876cf06ed701b
14,0.15666666666666668,0,1,02797aab3c78961c0cf100df4367df61654bedc1
15,0.6066666666666667,1,1,028cca90c7c5e2b17205740d9198cbb443e6a2b2
16,0.023333333333333334,0,0,02c7cd97fa4b8a81f0795be757bd99a29a037795
17,0.17,0,0,0357b01c12eb6b84b5038bbf465fd3b9d4921a29
18,0.05,0,0,03a331cdfe492cb7a9d531021b444384a27bdd56
19,0.03,0,0,03fc7f654d2001bc8e38eaa9b643c7a77992af93
20,0.1,0,0,041e325dd03cbe5874770708f8e3f2b4a73d756c
21,0.56,1,1,046c4ed223f0a60ade90b0fff92625ab7e6a6ab2
22,0.49,0,1,0493c803ae9612f87ed028e1a39e880aead5bdcb
23,0.18,0,0,04986f2f0c4a570c1cb786aa69a5608620108e50
24,0.15,0,0,04a1834dc42fdb6fe19d5115ec6705ebb897aa03
25,0.006666666666666667,0,0,04c08dfa21e11753984bfa5d874a97ea66ba7712
26,0.03,0,0,04e333f78ec8f22cdc0f0ab8701ae6a277bacbd5
27,0.11666666666666667,0,0,053cd092b1666455907427732f455bf28132a316
28,0.13666666666666666,0,1,05691c2e4c69e389ec52f8083f0b1d17590aa02b
29,0.01,0,0,05f688e49fbf543a6c69c0f186279c6732118470
30,0.15666666666666668,0,0,0604e77654d0c7eb5fda9600e9ca604da656d856
31,0.04,0,0,060c0e12084691398a9c067aae68e93cf841f655
32,0.61,1,1,073aa8104c30f61e5366cef5be644e3bc325c626
33,0.12,0,0,0777911704a603a8f34cb17ce2b35e5186a566b5
34,0.023333333333333334,0,0,07a8751f799ede6b3d4868d8268148f21e17a47a
35,0.13,0,0,07d1e0468a5146cb69ab9906af4c854e871f6b8e
36,0.31,0,0,081b652ce471c6c8c3de11edfc9deb47c48b2182
37,0.05333333333333334,0,0,08477750a5b3261cc69c74f0cfb7d0eefae888d6
38,0.13,0,0,08af981ffc104d7cb836c1b674e1d73724eeaf88
39,0.22666666666666666,0,1,08f8773b9a4fe7fea248b4501230ebd6e6ef2fde
40,0.04,0,0,092a59a65a243bf1c96dbcf61e724c03a424373c
41,0.19666666666666666,0,0,0946017e289cc865913980dbe199106d9b152cf3
42,0.51,1,0,09ccc2f9315eb0441d5f7793326614cc25814089
43,0.05333333333333334,0,0,0a1ffce72ecc1f0ac44181874f1b410ffe80bdd5
44,0.11,0,0,0a394707bee38182d980b2ea1906c2aaa6f1c389
45,0.043333333333333335,0,0,0b23bdf77d573a30a437ebaf9c6ea734d5fec9bf
46,0.3466666666666667,0,0,0b308ae4bebbe2e568c7b9ad73e141cc653a0101
47,0.043333333333333335,0,0,0bfe1fd5639d1e1bb62bc8de1d868efa6214d922
48,0.07333333333333333,0,0,0c151d7d7ea00627fad182898958db55b1fef3fd
49,0.42,0,0,0cba85cb267994018c8a0d5e40b2ed0b5a7837df
50,0.17666666666666667,0,0,0cd8f34eed28a2c1a77d56fe4b0e00816ef48780
51,0.11666666666666667,0,0,0d388b4effa059bd417024854d0c90f7ecf4c82c
52,0.47,0,1,0d5fb06b39e8244429be72f05e2066d24572dc2e
53,0.1,0,0,0db1e4ed2a8ecb3dc856c744e2451a10a37678d1
54,0.23666666666666666,0,1,0e4bd7f93b9bfadcc2bb6dfaeae7bb5ee00c194b
55,0.5066666666666667,1,1,0e5cb31afd4d05e2ab9f63cc27f0389ceafc67ae
56,0.0033333333333333335,0,0,0e932e6b2390ee8731134cfdb1dcdea3adfc8062
57,0.31666666666666665,0,0,0efac0cac29db96b7903a83d23551dd05d421cfb
58,0.023333333333333334,0,1,0fa3f0e6da4e8f1d5d09e6797bb5eae806ece400
59,0.22,0,0,0ff9373de6e11d7040b6b289cb3239a9ee9a924d
60,0.12333333333333334,0,0,100e962bb989ea3adc8324365dd84f87634691ea
61,0.03666666666666667,0,0,101f000d3ca25761d75f626fe4379143ef5a6a70
62,0.11,0,0,102c917be984079e53e729cc50554c96ba24f248
63,0.3,0,1,10593c2eaf4eff4edb13b70f023acbbf743f129f
64,0.023333333333333334,0,0,10639b5b67c5c961122c59c437ddf5da02808f08
65,0.06333333333333334,0,1,1090dbecfa74e97b48bb974834186860c501f7da
66,0.04666666666666667,0,0,11120aa5bbdff7d61ff9418cf6e5526e5bcba180
67,0.45,0,0,11b9305e3f0dcff7f5f92863cfd3679fd7b6a6a3
68,0.043333333333333335,0,0,121189401a97e5f471a287c453d7f2013c92477a
69,0.08666666666666667,0,0,1212f66b188bbe40ac7219908eb47af26ebf2edc
70,0.03666666666666667,0,0,1239f61c2b4ddad3087a2e4e59824fd000c5760e
71,0.4633333333333333,0,0,124c9b682651610c3d31059186401f5342a9ddcd
72,0.45,0,0,1298b1880a07596832cd981ee60e4c053efccec8
73,0.02,0,0,12e663a8b0b253970e3bccd373d3d2f3d462f6b6
74,0.45666666666666667,0,1,132f13e5b095bdeaa0db72b151a3bf912ccfca36
75,0.23,0,0,138f24dea3b1fa34a39eaa0e937b19657b287ccc
76,0.013333333333333334,0,0,13eee3d1d7b40bc334d663b7cea7c65a8f960dfe
77,0.03666666666666667,0,0,1405a6440d646524d41adfed4fc1344948e2871f
78,0.06333333333333334,0,0,14129b4af8795a28a62b69897dc5cd6602353cc9
79,0.16333333333333333,0,0,1428956919ffdaf75297fd225452abb9649e6c32
80,0.7333333333333333,1,0,142c55e82a4d36af887439a94054617a5a0ede9c
81,0.15666666666666668,0,0,143cba56cf65201c4b519ba295cb222b0088ad0a
82,0.05,0,0,14468d07f6a1f2cb283afc90154aecf2b4c10893
83,0.09,0,1,14cf5454fb7d15bbf4a1bfe2f0e75a3135430ca3
84,0.03,0,0,151a4a7548549871e5d489ee0e86e64259266ff0
85,0.15333333333333332,0,0,151fbd6d2f1e83ac6fee2f3f6a25c3414d678d78
86,0.4166666666666667,0,0,152f3cf112df09faf79e932da948c5045802b15d
87,0.04,0,0,15442adb01d52f51299063641677cba43768a8db
88,0.52,1,0,15962a4d13334b2265120e67ab4222b119e95c3e
89,0.36,0,0,15a144558388e9a620c8e6751d8b067daee29c3f
90,0.02,0,0,15cc877cc2af71135b896974f17cb4a63291a08c
91,0.02,0,0,16a262d4b9b6de078b79756c0c325ca73a8ae47a
92,0.22666666666666666,0,0,1747cc366dd93534db78ca393ec8e39a7652dc27
93,0.08666666666666667,0,0,1758e866602be17f3f96a8621f8496999ca8ac9b
94,0.16,0,0,1761fce9ea94243abae0c1287312ca7ae3dd3f86
95,0.09666666666666666,0,0,17642b2e1ae6ba6284ee01b9b99edd7ad447fb90
96,0.11333333333333333,0,0,17912f4c4fba270a15cab47bb68d9e30c34a69b0
97,0.36,0,1,17924af7a8b9097bdc7a9082eb99819514498d0a
98,0.5,0,0,17c5f92b6ab552f1ac21f8ce332053e35d1de919
99,0.20666666666666667,0,1,17d131661740e452e9729d9ac8881e6fede23dd7
100,0.33666666666666667,0,1,17e556acf5c33583dcb6ed34bfd5a5fd9c148c9e
101,0.07666666666666666,0,0,18108a0143df0847fe1a4b105b787ca9ca76f422
102,0.01,0,0,1849c274eef7316ea9bdcd2e2ca4788ba2d699ec
103,0.056666666666666664,0,0,188f834e0ae305df36438c9a9ad1e2a4b6e98098
104,0.4533333333333333,0,0,18917d9e0d6fe250cc3b4f7301d37a6c5f5faffb
105,0.13333333333333333,0,0,18a6f7ced0f5d2c6293ca06470a7fab45a11e833
106,0.66,1,0,18b4df178b7d708848cad9de7f9073f8fa7f20f9
107,0.13333333333333333,0,0,18daa72f9faeee9f322a298546f01aa68ddb03b7
108,0.37,0,0,1901719542fed0e30cb27efce8935f0257090a7d
109,0.45111111111111113,0,0,193d6997276d3efcfaf99e5fcca1354c8c8c4670
110,0.16,0,0,19558abd2b174f16d74809cd159451effc6d2ac2
111,0.30333333333333334,0,0,195e6670c47352993c920a0dd490aa7e1fb8566e
112,0.21333333333333335,0,0,19804bb5c5ad8ba10fbda1bf213f698d97c137e7
113,0.39666666666666667,0,1,19b54998bb5da2bf49190e22d6aa29da36d946b6
114,0.0033333333333333335,0,0,19e553e1deeb8939decd1ed9554a3c6eb6770386
115,0.17,0,1,1a094d5388b9345112e6ee18c2c56cb6858c6657
116,0.54,1,1,1a0d17537f7f6cb6e4514fa6dbda0219949a3029
117,0.22666666666666666,0,0,1a2efbaaf89303cc5977b832b784c23ad219b0d7
118,0.07333333333333333,0,0,1a9f95329f269673efffb35ca403292f7d404333
119,0.36,0,0,1abe88c44a7e86e80f56f25dfd71f6df44f25289
120,0.07333333333333333,0,0,1ad5fc84936b4ad2850d1d632514cfb5b24dfd43
121,0.06333333333333334,0,0,1ae9104c7b588bdde70e174940cdbf043468c58a
122,0.14666666666666667,0,0,1b40708287808243be27b83791b7d23f8b51b194
123,0.29,0,0,1b40765a80ba546a4b25aa6a26d2c41090b97720
124,0.5,0,0,1b5730b42c6306e26ec5e803f3e349b203756ba8
125,0.006666666666666667,0,0,1b5fbda966f51c969f1fe13db5c070175b435b98
126,0.056666666666666664,0,0,1b9961c4b6785d85e98223f576bd839c0212b3a7
127,0.023333333333333334,0,0,1bbef233ffa26dd01d48fb3a2b1ae4567b8b9ba6
128,0.24666666666666667,0,0,1bf89924ba6eafc394612f9d62c1b52251825b2b
129,0.0033333333333333335,0,0,1c04ac0ad0b1077d9d0eb2fd16b0c73a0124afe5
130,0.27666666666666667,0,0,1c389d0bd8e9c9f21f760f9b8f5b79baffd38d39
131,0.03333333333333333,0,0,1c40ffbf75cdb50601a89d65f87e0a6c31d80c5f
132,0.18333333333333332,0,0,1ca0a1a283c31bfee2ec699991bd3a07527e77f0
133,0.16333333333333333,0,1,1cb1449eb6561b9ec879e1779d591421b5e44424
134,0.10666666666666667,0,1,1ce493b9e4e0c381146287161ab2a3c75f1fc603
135,0.44333333333333336,0,1,1cfc526f50686286e64ac07566f715e981916d3c
136,0.02,0,0,1d350ba53792bd7fe0fd6364a2598b893ccf061c
137,0.0,0,0,1d38da9756124bed3cf255de1b9471313738f3d0
138,0.68,1,1,1d9a0a620d78ab54f7a3da61b803a97cdbdd01f2
139,0.016666666666666666,0,0,1da15a50515255675c2d280edff9774a4059b628
140,0.6333333333333333,1,1,1dd09a955bc04388bd5f14807f883db3c5ac60b9
141,0.26666666666666666,0,0,1e1915aaaca38b5691794e0e052a42b9d95dd3c2
142,0.30666666666666664,0,1,1e210c7cc9d3d8dd6b3a72112dd8395cad4dc3a9
143,0.4,0,1,1eb3bc803e87119a808e123a2edc7a0341e70480
144,0.04,0,0,1eb3c693b5f6f3f301047100c36c7915434f8be7
145,0.05333333333333334,0,0,1f012aadba2bc13feff65cc1b494a88fa030cfab
146,0.016666666666666666,0,0,1f3ae60f9262265975ac829c673ca8173eef8e88
147,0.27,0,0,1f644d210557b1254f7c7b39424b09a45329ade7
148,0.023333333333333334,0,0,204240222fdf63ba13d20946919549f0a3c374ad
149,0.6133333333333333,1,0,204c3a30afd5c4d2f9e595a7c64b187e1a0531c2
150,0.18,0,0,20903144e307784d382b6dac5591cddec19fcaa4
151,0.3333333333333333,0,0,20b349337eccaa7e1f49742a70f90488af7993fa
152,0.02,0,0,20e46bc14796a0932405ce6ac341890bfb4352a4
153,0.16666666666666666,0,0,20ea05f5d230d1bf9e70c9cc79a1089c2e4595df
154,0.16666666666666666,0,0,20fb97df97cdfcbc1d98a0b1f7d94806d996e274
155,0.0033333333333333335,0,0,21a86efef4656705a6590079e1491521a2954b47
156,0.08666666666666667,0,0,21bd2b22e2a025b4419d79e9054faad1f504585e
157,0.01,0,0,21bf6f7e4945bc7e8c303273ad10c28b6cfc8b08
158,0.14666666666666667,0,0,21f9409b2b116b44d206337b770ac0b783347101
159,0.6933333333333334,1,0,220b3f265681891c2dfd7cc1d2548457a5a44ad2
160,0.043333333333333335,0,0,226e46550f0dc97eb81ea05104460ca6da317b6b
161,0.0033333333333333335,0,0,229ba53a19716e4350514f9861dc474c05bb8691
162,0.016666666666666666,0,0,22d22a6c9ae979117deea1c4b450252ac3c66cfe
163,0.016666666666666666,0,0,22e7cbceed4730f93ee601a9955215e208e64295
164,0.3466666666666667,0,0,23037823adbbf0bfc9c6398e8d460e84d49e4e6f
165,0.14333333333333334,0,0,233b8ff70541cdcd059c8ef0e4d9dac7952adfb2
166,0.11333333333333333,0,0,2392313f562ba6a90ed1ec3fbc507862043fa44f
167,0.14666666666666667,0,0,2420cf0d7d313819540f05b7452a8e584ac2cf39
168,0.0033333333333333335,0,0,24e737eb759a18c8c5cac2bce00ba8f8f7dddb46
169,0.13333333333333333,0,0,251159c90a69dfb61d9927093d5eae41cd99e2a7
170,0.05333333333333334,0,0,25b75a640c6979b64d4eee62e88261101916fe50
171,0.67,1,1,262b285a04b00033c84f817b3f1c105afcf914cb
172,0.37666666666666665,0,1,265431666ac3c4b65bf74e40c170d0d62eafe242
173,0.03666666666666667,0,0,268450cddff0b0cd61c48f1160d625272ef9b2f0
174,0.056666666666666664,0,0,269bad54b6a94b01b2835707c75038d560f59cb8
175,0.20666666666666667,0,0,26b7b9457a5899ecca93fd67d3879efcad4e4968
176,0.11666666666666667,0,0,26b97b5515c81ae104c714a217dc3fdf3f7c37cf
177,0.01,0,0,26b98b7b51bb21b96cdc2c77443096f4b015b8e5
178,0.01,0,0,273d8765115f0936d24549db8698dbe7e8d2ec1a
179,0.2966666666666667,0,0,277c07b605d606a6787935d86cf6a749ed92aec0
180,0.04666666666666667,0,0,2871d329eb66b2da7eade94285d6fc39325e467f
181,0.21333333333333335,0,0,28b112975358e17827a5e8ed869ca188fc82ee42
182,0.08666666666666667,0,0,29398355ede0d8fb08c58bbf2adf0441b48c6855
183,0.023333333333333334,0,0,297855ec55bd14107564acc6e4b7f3175d2b08f0
184,0.16666666666666666,0,0,29b1b4c79360e550cc89a9736dee56576aa5b972
185,0.11333333333333333,0,0,29d037a3d3b688889e9dec62c9f6e711d8f327b4
186,0.05333333333333334,0,0,2a630f71af21334a1f3dd213205efcba1ef38ac4
187,0.25,0,0,2a762867b2c5b67c5790d70e94c801d7d2f3f00c
188,0.26,0,1,2a7f08ae4abca51dc60a02deee06a108ad1c4dcc
189,0.06666666666666667,0,0,2afb205d515a906a0df28f2376e9b3042a43daf1
190,0.61,1,1,2afff147c45f97a0809db40ad072332fb37ccd8d
191,0.44,0,0,2b24b16976b8e4b05ae3f04ee6efa641fb515279
192,0.08,0,0,2b24b3e00d7d7cd82219157dba15b0efa1b90923
193,0.10666666666666667,0,0,2bec15e185e844dff757e09fa72a3b61d91e5f96
194,0.016666666666666666,0,0,2c94b11c40433e44c481aed6b590a563471dc358
195,0.05,0,0,2cb93d8b3787d9d62125de7ff93dea999bd68fc6
196,0.6033333333333334,1,0,2d9e479eb3d5dd3d957fdbccf6d7fd3f5d82ad34
197,0.7366666666666667,1,1,2e323ba7b154c6bdb76a4c018e99004dabcb8420
198,0.09666666666666666,0,0,2e7bd74b8d23153a2af81e994101071f9b857909
199,0.18333333333333332,0,0,2ee5ac3b56cb88a0f3a3d9598e1aca4dbb539e2a
200,0.013333333333333334,0,0,2f62736e47367404ac56525689412d123d69c283
201,0.2,0,0,2f983793574de07269c4a79852d75a9059465ee0
202,0.09,0,0,2fa2cd2254a4044aaa584c4fcf5d6c3e1ec60d1f
203,0.04,0,1,2fb37ab925224076f70e147334dcd3a4db29f166
204,0.2,0,1,2fb875f79ff91fb2eb8819ce043ca7df1281168c
205,0.17333333333333334,0,0,304df046eaaad6d64ee16898b1eaa76918e98878
206,0.14666666666666667,0,0,30b997d31953d35213ad39ddb3804d791efe5a22
207,0.03333333333333333,0,0,30dead1425321e76b42e06849ac95c50c662b9f1
208,0.07333333333333333,0,0,31169bb26fc0a39486ef6cd6a5a154d570186886
209,0.03333333333333333,0,0,31cae6ac4025b408e5a8117f526ebb36be8dfc06
210,0.13666666666666666,0,0,31dcaecb2dfe101a383b08d83f879b3b5b8d5898
211,0.08333333333333333,0,0,31f4046323839d6c0aaa885fe7bd5920845eab30
212,0.19333333333333333,0,0,32a2b96bcff92c0056660a230de18dab58eabea4
213,0.17666666666666667,0,0,32af3c94bd62c46713a44bf75f2e4989f8b98bc4
214,0.06666666666666667,0,0,32d4f14c9ecaf56767a4a4c3fd7fba2e85935d98
215,0.10333333333333333,0,0,32d948124adeb4615ba141164a1c191eed11598d
216,0.10333333333333333,0,0,32da7aa3d95e5a761ea33f84268ae4a842bb55c2
217,0.35,0,0,3313cffde85a9f02d56f57b401c2aec5b91d6df8
218,0.11666666666666667,0,0,332741760ed53cc405377c50f457ff074a4bb94f
219,0.2833333333333333,0,0,33496c15ec08cfa3c317e1fc88404266ac8e9d1f
220,0.006666666666666667,0,0,334bc84483781acd7fc4ed6ebdd6732679e49667
221,0.016666666666666666,0,0,337cecd7528956f90c91f2b03f273501e30ff02d
222,0.02666666666666667,0,0,338569c7c30509bce8565272023dfd791f4e9609
223,0.21,0,0,33fc21a81526029d0c50ef82d744250ff1a99b42
224,0.3333333333333333,0,0,340c35865ef32cc75612980b0c51524e0c19cfe1
225,0.09333333333333334,0,0,342dbd361d5d90823758e78d865e9be6bb711bd8
226,0.05333333333333334,0,0,34b30b595f95eeab929166c5729a6923d5ff97a5
227,0.6366666666666667,1,1,34d3e21a408c96632ec94742ad0e30796b0b4968
228,0.10666666666666667,0,1,3569168437c732d4cb33fbf3023d0c0ea85f3258
229,0.23333333333333334,0,1,35cb218adb9a370fa1013b6ef2593e9ef081461e
230,0.13666666666666666,0,0,36100f6f99b317ef9f10f101f7cecfb1639255a8
231,0.03333333333333333,0,0,3645ee110c9c1d55f33a51f4fd7a158abf40b2b0
232,0.08666666666666667,0,0,3666dcf76dd8cf7a22743e407343b528331130f7
233,0.043333333333333335,0,0,369881f0bb49d1ab63d1bfd5678c1b72a2ebe4e5
234,0.0,0,0,36ab241f7cfc0049e1bd92835a219e72ddbf94b8
235,0.08666666666666667,0,0,37627645e47d35643454a84ae4a8c682ee0b18eb
236,0.34,0,1,37bfdd3b38b2d2c2f088f67e7bcc2f26c6e01c1c
237,0.07,0,0,37c618da7c565b13cf6779f40c41ce895ff0459f
238,0.5066666666666667,1,0,37d42caeab3a9e040291afecb5238b28028f566e
239,0.07333333333333333,0,0,37e476ba85d9643c70199db50e7c4e31fd549152
240,0.18,0,0,3905a9902606871bbe92fe7c48480db3349ea316
241,0.08333333333333333,0,0,396a0e42755af96d8b96d42ae1bcf4ae4604443d
242,0.59,1,0,39b8641fc44dc5a91ff1d4e758fb16a6d0979eea
243,0.02666666666666667,0,0,39e465386e352121e3205130e56ab70798192991
244,0.22,0,0,3a48c1ad3cd39283ed9e26ff0ca2b7986a2aabea
245,0.0,0,0,3a6898275b4a60e831853adad8937b9f04dec833
246,0.03333333333333333,0,0,3a829e3543b8a346fce95f71cd51f68e7c4aae41
247,0.016666666666666666,0,0,3a8b2daa461ceab51cd4642583c91b17e6fc9287
248,0.3466666666666667,0,0,3a915546507e9a5617ada90546342a9239735ff8
249,0.23666666666666666,0,0,3b9489213798d6a3471fc56a7cbc096730fb03c2
250,0.25333333333333335,0,1,3bbdc70d4e1d0a8c960d7d0a7634f10b4b3163fe
251,0.12333333333333334,0,0,3bce16abeef451539b2164a0695857f4037a5af8
252,0.61,1,0,3bda4c05855c764697015ea4bfbb9edbfc83273e
253,0.27666666666666667,0,0,3bfd7bd56c1a8ebc8aff1218c52ac13b66cabb9f
254,0.04666666666666667,0,0,3c7c355120a3ebe5c3f47e62176cec8cab824143
255,0.48333333333333334,0,1,3c8b8ce1013c739f8ed34053dc36ab0705f05884
256,0.023333333333333334,0,0,3cee2c747c03a1cb45c75cb46f756e18445c5cae
257,0.056666666666666664,0,0,3d0311df9e3fccf96bde34e72f8011843941ac98
258,0.0,0,0,3d8e5884ec6dfbac809263dfa240f5769b70dfa9
259,0.18333333333333332,0,0,3d9e183d596c806527008f6eb15edc9d249cb3c0
260,0.17333333333333334,0,0,3dbaa356b9d0af75f5a4102d3e881ca803c895e2
261,0.3,0,0,3dc539bcb0d9031f81076ac2e1870918400150ed
262,0.02666666666666667,0,0,3e54c6c7b001e0eca61b1fedbc12cfffd26f8724
263,0.07,0,0,3f1dd84a10dab8754633a3d58d295d726619e6bc
264,0.26,0,1,3f54b6c053cfa464ad6d9e8883563d29dd6dfa1f
265,0.05,0,0,3fd5b61d892b2690f24a0e6948c9d306885066b8
266,0.013333333333333334,0,0,4081f4392096a3f96f630a9e54bd1a0c312f3d7e
267,0.07333333333333333,0,0,40a5853970cdd1555dfb5ebce81c6babf2e445da
268,0.09666666666666666,0,0,40b98d32a0ed235cc01fe85b3f6498ad3fdd8d6a
269,0.04,0,0,40c94e7c3613fbe205d3e79beeac272aeb7b17ca
270,0.1,0,0,41cc89afa8ed7dda76eed5669ae1306a131bbbfc
271,0.03666666666666667,0,0,42e164c32655fcde9e148501ca1bd998bb5b7cfc
272,0.03333333333333333,0,0,430d3a5b94543e3b24a58d61d1497b3683ff309e
273,0.3466666666666667,0,1,4363af6cc81e4bc63fb39fae7b059ca3defaabe0
274,0.38,0,1,43ba08d8aa38a7c0cd44e3ff90b73d6c0e33a63d
275,0.14,0,0,43bb473d004149f4d0fd6f0c7ad1a0712be3ab94
276,0.26666666666666666,0,1,43bc41c31d9c8a52098560e08fc9f6d13c9675b9
277,0.3,0,0,43bf568f4833ee32a91deef0340983d5558e033b
278,0.2733333333333333,0,0,43f2492175d11a3f8ea4198e65b2a6a6b38cbbb6
279,0.18333333333333332,0,0,444ad454b76cb2584a45b58c6ed4444d1bfc4530
280,0.006666666666666667,0,0,4450b95c2ffd1d708194e5e2bd777c6723c1d034
281,0.23666666666666666,0,0,44a8aba1d5da87d54db48079103fdef946666d80
282,0.02,0,0,44f81e3377fea775ca42c63f6fcce093bdfc17b0
283,0.023333333333333334,0,0,454dce8271cb34f187ea680e50366cecc3bbfde7
284,0.5933333333333334,1,0,4559a5f381082dba30bb535b69deeb09135da680
285,0.43333333333333335,0,0,45a1a564c05b04330a7a58110508bc824bebd50d
286,0.11666666666666667,0,0,45f0502b525de72ff98b118cfbbb9627c7caf165
287,0.12,0,0,45f9c298c2a6ba3b182ce3c225d09a0bfcb7dd2d
288,0.47333333333333333,0,0,4605dff64fb2fac764e58baf397f2e6811216ec4
289,0.15,0,0,4615161964dfc40950759b509dd11650313ff53b
290,0.21,0,0,46ce2e345bce18c2e2f645bb90aea11ca53ba825
291,0.01,0,0,470ccb85f2ecaff38973854e209f0fabdb117dc0
292,0.17333333333333334,0,0,475b4a18432908c7f128a7dc88dbe652670669bd
293,0.006666666666666667,0,0,476dc5efcdb11c9859b062dc69a8c205e69be861
294,0.11666666666666667,0,0,477dac0373b5e84c71365d7a71b9cc41aafcb491
295,0.16,0,0,47e51e7521784f6a2edcfbf71a9aac0237e76e42
296,0.5333333333333333,1,0,47f6ffad8291c7383d79cd987d06cb5753dad729
297,0.15666666666666668,0,0,482dfeb113f1e0ff814aa1fc980d67e0c8b06d76
298,0.17,0,0,495fd24fb0a776c207c36d437cb31e0d8807774a
299,0.01,0,0,4a1b124f358525b22aa1d7ba29ac3f504035c0ab
300,0.12666666666666668,0,0,4a24d140654db9ad769c971b3b879b462dc47616
301,0.16333333333333333,0,0,4a2915b4e389bfba0ff25583369fd75b24e19118
302,0.06666666666666667,0,0,4ad95dba4fccbbc0df923dea0dc9e5c3ac9f4cc2
303,0.14666666666666667,0,0,4ba82d5aa08c8715ed53955de63da70ccbaba551
304,0.023333333333333334,0,0,4bd2444c988741255bda4832a544d87d9bce4474
305,0.11,0,0,4c03383f21bc13caf3fed4db5aa1317d37758d5c
306,0.0033333333333333335,0,0,4c27221d30b8388f155c8f52503a5d66ae75ee32
307,0.05333333333333334,0,0,4c4c77925c5df36643b4f91cbe3b220e3551431e
308,0.41333333333333333,0,0,4c7c0d4a7a42aef4ec50d63a27541e6e00ba3792
309,0.07,0,0,4c86cf4b6517880b1c59d477612e061ec151ac95
310,0.4633333333333333,0,1,4d4627f9c213ca5d473b88bb21e611b93975074e
311,0.04,0,0,4d522b9dc2cf0c727ff65e533241a8302b68ddf8
312,0.02,0,0,4d991cd5e3b150005de4b4b18384bb505e76ff76
313,0.03,0,0,4da02aeabc9bb072bd33b21a1c8fb6e10cc4e262
314,0.55,1,0,4e0a41bb61f0cb7b68cc6c67c074ad66cc6788dc
315,0.27,0,0,4e6bae7a00a1a5768a20f54f484299d7396123d5
316,0.2833333333333333,0,0,4e94ec1a0a566b66f09b734e6ffe964b4b3b4bee
317,0.46,0,0,4ea757b8804eb55f8c49f6fcf0c1def7d7390fd8
318,0.07666666666666666,0,0,4ed651f918f1e3bd4a130b5ba560a4da6b1db436
319,0.04666666666666667,0,0,4ee4e75321cc163c9f5a9e0d3e159211357ca3a0
320,0.23666666666666666,0,0,4f3291e3795460f0b8da5a029faa2e4a9271c8a9
321,0.56,1,0,5019749dc8d967c62591dc2776a004d887d10619
322,0.19333333333333333,0,0,50da460869661ba63971a17c9c1b514bf22874a2
323,0.0033333333333333335,0,0,50edccfad29d3c602eba628fc80e46a0a67de090
324,0.20333333333333334,0,0,51546e79f366d14f25bb5a933a3ab0ad033e7a3d
325,0.2733333333333333,0,0,5174b7f85dea42b6e0a50ee0a222637be0cea240
326,0.19333333333333333,0,1,51ec9380383ce6a7d94ccc6963bed26ca9065fce
327,0.006666666666666667,0,0,520a5e2e5fa749cc3e505c6ae526171714cd6369
328,0.07333333333333333,0,0,52869508c81957f441128419c9ae7396715127be
329,0.14333333333333334,0,0,52eca4d8a776f9f3bd90b8d96666f9b5bceb6564
330,0.01,0,0,537af54970ed16b822d5c93dbf38e52218bb78a4
331,0.0,0,0,5427630f735381569066815605c75bccd278def8
332,0.19666666666666666,0,0,544bd10b76dd0e17fa42825a26a02ccf3ab2fe60
333,0.15333333333333332,0,0,545a4976fc7896e8afee8c70661d109c464c8f44
334,0.04,0,0,548a4ba69f4cccbca80a174e42acbb770f314457
335,0.06666666666666667,0,0,54b759405633e0c44303ebb8cf8b92006cd49223
336,0.15666666666666668,0,0,556ab844c823dd364032d59ab1b61780243cbfd1
337,0.52,1,0,557cccc4da5c334efc3d1cb8471cea7b83b59e63
338,0.7566666666666667,1,1,5581cb3492688eecdd1d9a1a9568933450d2dc18
339,0.5866666666666667,1,0,5586fc3973367bc2f702441bf368a6fc2b785670
340,0.06,0,0,55dcb9e7b19c5901a2aa264b27276094f2a2669f
341,0.48,0,1,5654992881ffef83c3c6c775e956f40ae80a2a5a
342,0.6033333333333334,1,1,56b4d81e1a2b1b0d30de87a16f6e96b205dbdd45
343,0.056666666666666664,0,0,5797b80578bb006a5e528d567f6a515c649eb38b
344,0.5433333333333333,1,1,586e752e69ca891714f390bf59ad30d5081d4498
345,0.01,0,0,588aa3625da1272a1225e01ddd0f70d02f7beac9
346,0.03666666666666667,0,0,589f3f108c2edcd66de48891a92e875b7d2823c9
347,0.47333333333333333,0,0,58cc80a2a883a13120eadd487b55b5c3b683b5b6
348,0.13666666666666666,0,0,5974c441bd538897bd4547e6a05ee27216461d97
349,0.2633333333333333,0,1,5a8363adacec44e84a4f6d6e4fa24680b22072eb
350,0.5,0,1,5a8e67be491a2b4897c01aeccd584381f74bc294
351,0.19333333333333333,0,0,5a95201bf34805c38836c7b81112efe3e3aa6d8a
352,0.1,0,0,5ab7378357312a8f326bf82cf2b6076d14b53d6b
353,0.11333333333333333,0,0,5ad1dea4daf264fe11429288597d26dc4974fe05
354,0.043333333333333335,0,0,5bac47ae22ff1dd1e9f1ec8617f723475281188b
355,0.4533333333333333,0,0,5bf7b9be798296b08de42f4cb6295071dc299ef8
356,0.09333333333333334,0,0,5cfc529179302e8aefd1b255769d532881e22533
357,0.12333333333333334,0,0,5d829b550c6802b92ba71a8538f3fc7e422cf79a
358,0.13,0,0,5dab438398f66020c205345a8dfbfc197d1acb28
359,0.043333333333333335,0,0,5dc0039c85957502db36b7da5558f9449cd03ada
360,0.03666666666666667,0,0,5e0239f93407e03f45a0514c15969509931b9c9c
361,0.006666666666666667,0,0,5e6facb73a805fb652af744779378d7bb784e495
362,0.25333333333333335,0,0,5e6fb33b22c868e8ce2638198c27f3e3a099318a
363,0.38333333333333336,0,1,5ea7db9b7195132df4d8efea0a8e41e4f994b23c
364,0.23,0,0,5eb852e616cb5f76258c11249cf024a7c3329fca
365,0.2733333333333333,0,0,5f37044d9a851fd02d4f1d918b1c276462a76034
366,0.23333333333333334,0,0,5f3fa391ed499750ad68ad5b000b4e2e0a86978e
367,0.30333333333333334,0,0,5fcf6ccd952f74d77f6735831c778d33dfcd6136
368,0.043333333333333335,0,0,5fe218522c12c7fd7ff2e25da45a4db59e2b72ac
369,0.1,0,0,608fbea58dd566360149f41e7f59525602c9a9c1
370,0.21333333333333335,0,1,609f01a1ddca64ec191cb15a4f6fb93d219c3336
371,0.19,0,0,60b38f1c8279db935a45c873fb1a072209f12061
372,0.33666666666666667,0,1,60c7607a91547efdd076d454d3a699bce2a0aab2
373,0.6766666666666666,1,0,60cb0911712ad11688b4d09e5c01ac39c49f5aea
374,0.006666666666666667,0,0,6142230ccf2555650dbb902a5c342a342e9b2582
375,0.12666666666666668,0,0,616b097c052f5bf59b05326ed1d2d1ae1c703dc9
376,0.2966666666666667,0,0,61a7b584238327d346bd4da642f3f8cb4d1dbf9c
377,0.26,0,1,61bb91ff4f1927aed1a3b317edc9d5022e42a0aa
378,0.01,0,0,6241ab2a9292ba7e97034eac5f1218e90aedddc5
379,0.39666666666666667,0,0,627d9e99481db537fe71639dd38daf205a9e0728
380,0.22333333333333333,0,0,628adc99b41c097b0c071087a274ded850ff7df5
381,0.41,0,1,62cb0dc6257daac5ec9fd1a90ee5721e6543dd76
382,0.48,0,1,62d872e4cf0186f59c7902a396e2ee7a3154cbf4
383,0.3433333333333333,0,0,6354b347262febb83b4e26f61cdfe0ab3dcedb4f
384,0.11333333333333333,0,0,636c70c3c990d0405c7e05a428d78908dc8b4317
385,0.12666666666666668,0,0,6371c091450d093595e6103b6a37b38bbbb2f921
386,0.05,0,0,6384b192b55b823d86078588f22b8bc847954aad
387,0.04666666666666667,0,0,63fc867ab709a20c3417cada12b327774bf612e6
388,0.016666666666666666,0,0,64430da593b40186251b3de08b5ae18dcffb062b
389,0.06,0,0,6443cfeecb9f7f9ac4ab84de27e2e0c4decf71d6
390,0.07333333333333333,0,0,64fe85d526c7a8f88193b41edd4067a6d44c0dc0
391,0.07333333333333333,0,0,65d9f80b5bfe9e94323f31f2d109670798774466
392,0.01,0,0,65df7336994b03b12aecf9bcdafcfb0d839815f9
393,0.15666666666666668,0,0,6602bbfc0854c4b014100c00e1b821f8a3190255
394,0.056666666666666664,0,0,66ce7da18603a1cb0b4f500b6abb83ca264b0ccf
395,0.17,0,0,66e1a8b47544e225721f0ccd3a33580dde337793
396,0.3,0,0,67078ab9329b8f3d844b033b4d64cf2bdcf6bab7
397,0.0,0,0,6743e4d57f2da87e947e171d884e4dcabf56a201
398,0.3,0,0,6749f31604d9787d48b2bc1a02b5b5e5f23eefa8
399,0.04666666666666667,0,0,6808becda11a7682c6c56cd3b2afd55601cf1590
400,0.08,0,0,681a898101f81dbe2317a84e4496bd1e000cf527
401,0.08666666666666667,0,0,68288b9cd26f35d66e4899ee99dca6f33384fdb4
402,0.04666666666666667,0,0,685eae9bd007e60f12bde411fda78cae1b4d708b
403,0.65,1,1,688c515b9d662486395d36c303ca599376a1dc0d
404,0.21666666666666667,0,0,688e05d4b000e7cbfdfa1097287a0ff398e02780
405,0.03,0,0,68ed1bcec81e173648a4a86e5f4e21abc6dcf539
406,0.65,1,1,6925bd7e00d5c39d20450bcf41e848435b6d9830
407,0.36,0,0,6a080df6bd8817019d204e3142a236b7974f7656
408,0.29333333333333333,0,0,6a3e0fb136856411680c72e6c1e97d00dee6081a
409,0.10333333333333333,0,0,6a4fc92ceec29255faec7e6bb20ccbb562be1b2b
410,0.6866666666666666,1,0,6a6c2e3cd531ce9b6f69e75263f38c451e6c4f36
411,0.07,0,0,6acac14aaffaebd6ee00325de57a710e459e6708
412,0.09666666666666666,0,0,6b706f1afc445fd69922c47d663478f3306b7d7f
413,0.07,0,0,6bd7a9d57e0ce45911888becaf944b0c324efdf3
414,0.016666666666666666,0,0,6c31d2565be4bb838ddbf818b54ede35867629f5
415,0.22666666666666666,0,0,6c3da23f1803347130b18aa4e4817332e97606b2
416,0.09,0,0,6c3fd5ada0fb286af173ac65f20bf36049b0372f
417,0.03,0,0,6c9d9ab434ba2ecfee1d556842d311390010957e
418,0.12666666666666668,0,0,6cd183a4bac7ae79bca380c960686ea33892f066
419,0.09,0,0,6d14917e76a3f2084142c316a374c6755edda556
420,0.0033333333333333335,0,0,6d5df44bc64561aa2e3740020d294ae04b346962
421,0.043333333333333335,0,0,6d5e991d51b9e440ab4e22d67157b9492eb50599
422,0.12666666666666668,0,0,6d650eb1fc602aa3552b20aea55c66106e04a27d
423,0.2633333333333333,0,0,6dc290a88a3240b9f454d5140ab14d499d9ab1b2
424,0.01,0,0,6e2515f4db3b6b9913e252cd52237574002637f2
425,0.08666666666666667,0,0,6e30bbc126a1ad4eb87e735c812832f4fcc0054e
426,0.38666666666666666,0,1,6e8a094c48dc77fdfe68c72c7a09b7819710d4b6
427,0.41333333333333333,0,0,6e93fefade26ddb6282e423af51f806a08efc8b0
428,0.08333333333333333,0,0,6eda819ca12f7f58e41fe9496f1ec1f2f471f6b5
429,0.03666666666666667,0,0,6f57b06c7cf34de4d4a842c18d864eecbdc63f23
430,0.26,0,0,6f99449b078a1e7befc3223e5244ae6ec0e4d8cb
431,0.14,0,0,70129ed19db187cc90f74abd5c93c86098d29c27
432,0.043333333333333335,0,0,702c47cbeb134840ed760c7175f09751e1b14b4d
433,0.1,0,0,7138e5f1ee953896819762ea6ca5319399d8c754
434,0.023333333333333334,0,0,719ec5c82ac39384ec30ff2aab9b1ddea6c83f4c
435,0.19,0,0,71c98ae8876b66964623713c2b3bc686ad1dca35
436,0.66,1,1,71d9f1170a5fe087de5a957e46d8c9e0fe9fb574
437,0.4033333333333333,0,0,71f3056ddf36364a9551d83d8a39a0b73e96996a
438,0.5133333333333333,1,0,71fabdc8dc69d418fa987bef03e1c70ea389f80a
439,0.17666666666666667,0,0,72428434f7eda8ebccaf8da3949eaa4c3259e624
440,0.016666666666666666,0,0,72670a93ccd802e9e117aa754107440697148c78
441,0.31333333333333335,0,0,73161b06b038293dc680e8af5a37d059b67e8a82
442,0.13666666666666666,0,0,7323d8751538e06bb2dba106ba394bc6e29b8b84
443,0.5366666666666666,1,0,732bcdb9502aca5c6b38966bd1e53c79236300da
444,0.5166666666666667,1,0,73c6d161855cf6e0b7f7cb6081891ca475efebb4
445,0.06,0,0,74268d329fccea295b3a5e64f6b8637c661481c0
446,0.13,0,0,74698ac6cb9cfd8ce69623562f8b4fe0a94a46b0
447,0.12666666666666668,0,0,74a8601916ca1cfd1e6c1778c607614f916b728d
448,0.15,0,0,74f0b74b55c97dda1ffd84a6fcab3f7c6478b50f
449,0.1,0,0,75086a13301f20a1f459cf2dbd684bc8a06726bb
450,0.58,1,1,7523489e856e637dc6af23638568f4700980360f
451,0.26,0,0,7548cb9c47bef4d5b7f3439bdaea8811ec929eeb
452,0.06333333333333334,0,0,75935ab810fa6b4c183159bae425d3285504cc91
453,0.67,1,1,762cc5d830d0eb46a59673ce13a94435035af5dc
454,0.4633333333333333,0,1,764add8bb11e2605802911bc51e3aa744787e719
455,0.28,0,0,76ca8c184bed7aa706ac6ef1010c3f4ebf08f7f0
456,0.13666666666666666,0,0,772f873259426e994f464983c91d8b9a28b9f43e
457,0.14333333333333334,0,0,77495cfed17f12f225e11fbc10e0f8db516dadf2
458,0.22666666666666666,0,0,775e3b02b2afbf101db22b87a1c3b189d68532e1
459,0.0033333333333333335,0,0,77c90dbc960b0736a13d54f80b42f8a24667d627
460,0.22666666666666666,0,1,77cacf98adfbc1a890c3928065c16ca6df1b1827
461,0.013333333333333334,0,0,77d415f23ec873ad71428c12ef2b31f508284bd6
462,0.33666666666666667,0,0,77e1684332cfc6e2cad1f1fc93ab5fa6caf231b9
463,0.05,0,0,7811c8a8ffce78dc14815203858854c450f1c8f6
464,0.13,0,0,7817d12439a4c86d3015ce8e6a74f72804fdfd24
465,0.36,0,0,78ebce99803522ceb98754f2765386f39858b627
466,0.36666666666666664,0,0,791ea7e3b7b4155257b588a2827cdd2c86735c1b
467,0.19333333333333333,0,0,794027c520935d9a6ba1475aaa128b281b924630
468,0.0033333333333333335,0,0,79553f339bff5ce49458bfdd1b4905f0907216eb
469,0.3433333333333333,0,1,796716d4cc51f35a734aa1f9d70ea567c37b5a79
470,0.20666666666666667,0,0,79efac44b408dc37cb932c3f68dd231700d02d91
471,0.08,0,0,79f63f95fe81a6642f43c4ad2cb75f657e11ca3c
472,0.15,0,0,7a02c218bbfa72671757005aa57fc0e472ef518f
473,0.016666666666666666,0,0,7a0a627d95415bcadbe5c67bc44d05dfba9038a9
474,0.18333333333333332,0,0,7aabee6f76fb390faac68f8195dab4018917bae4
475,0.023333333333333334,0,0,7aea4d8b21013d5ef6b14111b42c4bd101789ed1
476,0.06666666666666667,0,0,7af16893514bd27be51cf5e425679ddcce07688a
477,0.13333333333333333,0,0,7b00b98bf9cd081769e690a1e9cbf01c555c475c
478,0.04,0,0,7b29e6973f56094a24f796cd05690f5c4211c970
479,0.29333333333333333,0,0,7b75fe7f571dd95287307f9d1138fb476a6bf721
480,0.016666666666666666,0,0,7b8402ed3ba734836119441bdf1a6d6c661c8df2
481,0.25666666666666665,0,0,7c899c9b7750fe822a47496243ae075f9d3dc51b
482,0.2866666666666667,0,0,7d00b664a4d74333f7cd9736ce6bb613ccddc814
483,0.14,0,0,7d35654e0d055c8a11b92948e25b3d2042b0a25b
484,0.013333333333333334,0,1,7d408aa8db7bcec158f9ab61702a39324cc8db28
485,0.2633333333333333,0,0,7d5787d29919bc61425b0fc457ca8235f2597bea
486,0.056666666666666664,0,0,7d585b2cdc5f593b293c9e3b150ebf68e547b094
487,0.02666666666666667,0,0,7d8eb986772d7ba21388ef8ffd7ddf41eb47de7a
488,0.30666666666666664,0,1,7da3d24f8ad0a5cb03c6e310a3f0d176a8476423
489,0.03,0,0,7da46dabb47ac809ccb12e2950dfa7d58119da0b
490,0.4033333333333333,0,0,7dbf9c7de23623223ef60c0566d9330797c5f87e
491,0.25666666666666665,0,1,7dcaeecfd51065cda93d2c88a24ba330efac6f73
492,0.5133333333333333,1,1,7de916f57f067c09d1a47024c3e6f4e471f725c4
493,0.03,0,0,7df086dea76955148c7f2a63c880a8950d6b05e5
494,0.07333333333333333,0,0,7e13cf73f1869599c1218cf58468c21bb22dd5bf
495,0.5533333333333333,1,0,7e26d1354af23668591d9df39ab61e67eeb37528
496,0.05333333333333334,0,0,7e4e57e05d5526e94bfe4f4807838fae8e9d5f65
497,0.08666666666666667,0,0,7eca1aed7db7d3d60192f88aaecc43f8001106ec
498,0.14333333333333334,0,0,7ed3452d10bfa51957554030425a09d029deff61
499,0.5366666666666666,1,0,7f0051d4736ae1b464efb6c1edcadbab688bb496
500,0.06,0,0,7f226a7bd560fe76cfa6f2211b1694c4c6b4dd47
501,0.09,0,0,7fba9a42eb5578578bd3e3e7347a314f8a631ca5
502,0.29333333333333333,0,0,7fc1721d7d5290a6af278f9b6844cd3b96b7c7c3
503,0.2866666666666667,0,1,7fe0934e72091d63543f9fe680835bdcf81a054e
504,0.29333333333333333,0,0,7ff01fda2a307eb75baf7010ac6374197c5fa880
505,0.006666666666666667,0,0,7ffbff485e40bc3f36542f2892877adc5241accf
506,0.016666666666666666,0,0,802af0fe04fc11bbdba3b186b08cd73d792eacfc
507,0.6166666666666667,1,0,804c936667151cdea9b499dd768adcfd7ae20c1f
508,0.013333333333333334,0,0,80aa9f54d7935c21ae06da1d2b7292844beb5274
509,0.016666666666666666,0,0,80bf5e5e9541359d86e12958686f2678d220dd60
510,0.15666666666666668,0,0,80ffc9b8b38293c05c9d48cb615b24fd7255a850
511,0.06666666666666667,0,0,816cc36fbe4e4cabdbbd685a21371c7230711998
512,0.5,0,1,8179007c804d88595a346ad993791fd21a2a9c01
513,0.26666666666666666,0,0,818fa7e26d9e7af0fe5716755a56f7fe2f13a890
514,0.14666666666666667,0,0,81ace28111c6c4aa5a72ddf6f7a1ee8bf6e7435b
515,0.64,1,0,82042ac2766b892d561836cd312656940522734a
516,0.08,0,0,825ae4430f82b01cff8664a524db18766b6cdbc1
517,0.023333333333333334,0,0,82858a1eeda1618a9b2d08bbb3aae4965dd4ab70
518,0.4266666666666667,0,0,82afe7ad5eac668aaefc79e16bbf2226eddde97d
519,0.0,0,0,82cb3c03909bbb9eadeb9eeedfe17b8deb429a9c
520,0.30666666666666664,0,0,82d33f51f0fa2258f2a8d4003520af560d8bef11
521,0.6233333333333333,1,1,830ac0f0654dc989ff27ae9314bd6af4902daf9b
522,0.33,0,1,830f27ba342ca0881e3677ac11c3d818962cba3e
523,0.38333333333333336,0,0,83225883eb27ad520b7fb942c129cae5cae17362
524,0.0,0,0,832a737266f799845c9fa7bdb18721bb5ecd0426
525,0.013333333333333334,0,0,8372bbac08b296f632e5b743e3419d721b7abec1
526,0.7533333333333333,1,1,83e2053567eeb5649b0af8826b71b50517e17f47
527,0.04666666666666667,0,0,8412c53c50b3239ff1bbc64fd22846ad2786b215
528,0.14666666666666667,0,0,8431ed454b715910b943546589b0806f5831e064
529,0.07333333333333333,0,0,844a228c3c42dac802a82510eb17fcfaccb0e1f8
530,0.09,0,0,84888d7d8a3b92cf1ebc04fa4fe121995106af6e
531,0.49333333333333335,0,0,84ac4d84ab518a6a03b169b54326b6fec234cc87
532,0.08,0,0,84e5e69e5b19272fe32aa587bc5d8552dbc4797e
533,0.24333333333333335,0,0,84f65f387c873d7d342a56f081f7bf8025500bf9
534,0.02,0,0,855869af9b6fbde4896cc66c2df87bdaaa5e256f
535,0.016666666666666666,0,0,8582a3168a309df737a345ae8895734760ed8d57
536,0.15666666666666668,0,1,85b8ef62da3ae13923ebf449da3dcb3da224adb1
537,0.23333333333333334,0,0,869b435dca27e06f4160b781d86bba708475866a
538,0.2,0,1,86be0b7fdf1af20403e0d763b86da06849bcc437
539,0.31333333333333335,0,1,870e984274d9e8d452e7aa383b289955b6896f28
540,0.3933333333333333,0,0,88148584f213cc6a510b1f2d54d6b6dffe74c452
541,0.06666666666666667,0,0,8858d4856e27f70638161633a983b5d123b04832
542,0.3333333333333333,0,0,8885c30e3a27621a9d539e9e8d54b4ad451465c4
543,0.02,0,0,88b89b12aac0bf762dbc5479c7180aaf2ea784ab
544,0.06666666666666667,0,0,88c16821097de221aa656af97446fd173b16dc68
545,0.13666666666666666,0,0,88e03fdd6326abcb3a183adb53118ded69a13213
546,0.023333333333333334,0,0,88f9bbb6e643472f9218ea88e19afc57ffab025b
547,0.04,0,0,88fab71350100ba544a0002780239042977df246
548,0.15,0,0,89da6b4111f960c67a642901837b1e6df24e6160
549,0.1,0,0,8a042e0732fbac24e412306d337c0742b681cfc2
550,0.23,0,0,8a134759982a497118acbee328a01b00e9cb2a44
551,0.03666666666666667,0,0,8a2bf17eef4f2ad29ae1c6dbe33c967a013ef42f
552,0.056666666666666664,0,0,8a34fc3d48c467aa196f65eed444ccdc7c02f19f
553,0.013333333333333334,0,0,8ae97f24b0c806a438456170959ae527ce33ad01
554,0.23333333333333334,0,0,8b388f05195cfe6eec34ce9d52781d9f5b88ed66
555,0.0033333333333333335,0,0,8b47458193d124d718afc2b615b9260df7445432
556,0.6666666666666666,1,0,8bc02a7fbeaf2e0c8bccbaad52f41d026c1bbf40
557,0.22333333333333333,0,1,8bd8da476c9e7718cea6552e767ea51727d28418
558,0.42333333333333334,0,0,8be1c68f809b55088c1ad00ef86cb13b0103aab0
559,0.06,0,0,8be6b8673673c7915d6f6052a948d883c2a36d9a
560,0.10666666666666667,0,0,8c69579702c43706499f35950be8999d9fb117ea
561,0.023333333333333334,0,0,8c8116f2282229b50d6922ca6006f98a1822693e
562,0.013333333333333334,0,0,8c8b00ce0268fc55d581c6484f11f7f4b1fd235c
563,0.35333333333333333,0,0,8cf394b896e3644ff51edf6a0d462501fb6e6843
564,0.0033333333333333335,0,0,8cf8e7c968232fe999e4dfc20541be4ff96fcee1
565,0.14666666666666667,0,0,8d43c3fba1a5e07703cae6f7b631d0787c4f41bb
566,0.3933333333333333,0,0,8d46288e9cfb10745adfb06a510ed93433a7a9c5
567,0.18666666666666668,0,0,8d4af6b906e70437fa77e7cdc5b0e2fcd216c17d
568,0.3433333333333333,0,1,8d985b826b459335ab89fef69c132470af066daf
569,0.14333333333333334,0,0,8e2a655343c7d9612d3dcb2b7e31197a25340de9
570,0.21333333333333335,0,1,8e4eec840d504d27a3a4c640dba67b3b47e81730
571,0.06666666666666667,0,0,8eb64625e52aa8a6a2046f5ac53e132e1c1ea6de
572,0.023333333333333334,0,1,8eb7ca51c0bfda334eda8a25d599aa1d9cd21c22
573,0.21,0,0,8eea1ae574671a157ae2d215f18635a3c8985a06
574,0.07,0,0,8f6419301e56f7104bc9ac76dcd2ba5aeed0cb43
575,0.25666666666666665,0,0,8f8be6815e6a7d26165ee6f185821597e56cb740
576,0.4166666666666667,0,0,8f965eab710690ac7f885d00d27c651e250106eb
577,0.54,1,0,8fba518295c82be328d3c96eef16652734ec66bd
578,0.10333333333333333,0,0,908e5fcb70e82cbd38e49768cff524ba3cc1571b
579,0.44666666666666666,0,0,90abfc6b04f1acf61e8a8b3413a90d2a12de68b8
580,0.0033333333333333335,0,0,90f305c3994f2707263ecd2acb70ff1908e20f6d
581,0.16666666666666666,0,0,90f77d71fe5815f08fe12e77e7645c6025ee0191
582,0.02,0,0,9146f7b55997fdf8affb8e6475cd5739c0a8e948
583,0.023333333333333334,0,0,921e5835b827d85021ea256840494102594ecd46
584,0.01,0,0,9264d8a04accdd72fb7c70fe09e40eae99e1db37
585,0.23666666666666666,0,0,92b17a0d100d2d739c0f73eb58e87fd749fc71a8
586,0.25,0,1,92b25faf91c6a8b6df221d40cc6a52c2cab35665
587,0.18333333333333332,0,0,92ed0d939944f6c011d6c7baadbbbed1bc23f881
588,0.5866666666666667,1,1,933365a583daa5b9eabcf2397c3e7b803e7af74c
589,0.02,0,0,93bf1a0a6e4e017d221afde32679fb4f1d6aa00f
590,0.24333333333333335,0,0,93ee2838a2937e346e78c2e3ee21f5fed478d66f
591,0.03666666666666667,0,0,93fbbceec26c9fe82f9ae6b42dd4272421c38412
592,0.18666666666666668,0,0,9449f90d2185833281666d3b391059e783d8a7dc
593,0.08333333333333333,0,1,94560ab57d9fc23673f42017e6f2a78cb2b66b7a
594,0.06333333333333334,0,0,94587d814f21fa0787dd5447c7581c2f0cfe7966
595,0.21333333333333335,0,0,9471282626e004296351a4a97fb51209a53e7f42
596,0.023333333333333334,0,0,94783b2158e9b92d40974b9bb0738426e2162066
597,0.03333333333333333,0,0,94b9e66360387d24548f165cc4c7ee67f5160a0c
598,0.47,0,0,95153e4e3eaa2738d532463a244ff923c73ec9ff
599,0.32666666666666666,0,0,9526bd611ec50f84b1a96a4b0d19eb668a8c5178
600,0.08333333333333333,0,1,9532e4ed969e47826801b14aff40dd9e356f2677
601,0.3933333333333333,0,1,966a514821738caf7835e7781037a04454e3299d
602,0.12666666666666668,0,0,967e9675874fc2a02a585cc6f9b99175f9cd656c
603,0.22,0,1,968c01afe7ff43346f5817e2a3adf97fd03106b1
604,0.5166666666666667,1,0,96ef263f61385f486402c50f3f3abc7e614a8b49
605,0.35,0,0,976de09b55b865f7f4cb9013e9546b430063023e
606,0.01,0,0,9795c3e9fdc1f6253f3099414e379367b50587dc
607,0.5,0,1,97a529ad8eaee80e196eb362c4e45901a96ae23c
608,0.08,0,0,9859a572dbfefc93de69a6fddb990060e08b24e1
609,0.11333333333333333,0,0,98851c82fd9fab193e034e8fe3b13e249f3b53bd
610,0.01,0,0,98a7161f6260e4164095ba3d864584e474647f90
611,0.13666666666666666,0,0,98f753d4c5e8bdf31716a7452f89930a51b3edf5
612,0.03333333333333333,0,0,98f782f81863e0ccb67abf53cd331d4d6b5fc7de
613,0.03333333333333333,0,0,991953d79c7235e2ddab639319244a6b379a95f1
614,0.006666666666666667,0,0,994bba6ae7156a565bd160fc8f0f8e8578c28d1b
615,0.06666666666666667,0,0,996f7f949002d3d23048550b69579889f4e1c5a2
616,0.24333333333333335,0,0,99886025986b92aa3beb7666f5d9fc4851e6a591
617,0.8333333333333334,1,0,9adba6727bbec051c1437ee95367ecb97b207f35
618,0.08333333333333333,0,0,9b0ccf6125809a5a568926101a04b52ed69a269d
619,0.05,0,0,9b61fdf34bee6ad9d8e28a32c4c30df243b02443
620,0.17,0,1,9baa186ebb578205c513c94fc621e254f4c13a08
621,0.37,0,0,9bee869cf4ec8c3b95a763f02945d98205f32d46
622,0.41,0,0,9c7f5c9c64690b68377ad860c805f90a17237b65
623,0.13666666666666666,0,0,9c8f37e6c4b28a2f5be836b43147e6dfb8518255
624,0.03666666666666667,0,0,9cd407036ea932e7dd74a7f98e4b026f731eef3c
625,0.13333333333333333,0,0,9d909371acc95fd540b827a7ecaa0df50fe66a50
626,0.09333333333333334,0,0,9dae32d60fc285d03fdb5586e3368d229485fdb4
627,0.24333333333333335,0,1,9e7933dc55ea086b3a2977d9c25ab503174ba7af
628,0.12333333333333334,0,0,9e80fd45a0072e15e9d49299a6fa9e9c725e2207
629,0.09666666666666666,0,0,9eb797b09916574c2a4e0f5f9ea61fe120879075
630,0.22333333333333333,0,0,9ec9fdce626d5e2937c6e0664621ad590f958e13
631,0.18,0,0,9f6070e194504cc2ca2b7f2a2aabbf91c6b81897
632,0.0,0,0,9f7c5bf5ad38237f2adac980afb69fcdb26678a3
633,0.5066666666666667,1,0,9f8cb33557ecc7c0a832610e913a56a8b8e6c524
634,0.4033333333333333,0,0,9f9b651aec7835832845e1a76a6e17b65d214f17
635,0.33666666666666667,0,0,a02ef859a6f7a32d14f2809edc77cb1cb9e957f6
636,0.03,0,0,a0474f0e4c8fb3d202c3ee9dbf091f1f8637d2da
637,0.41,0,0,a0693a91f55b2b08a46f1396dd1a1102783df9c6
638,0.006666666666666667,0,0,a0895f0030f6a95f7415b35b92fde871f54668b9
639,0.5333333333333333,1,1,a0cbbf8e1afe6e9d6bbe29f977b2726146615447
640,0.43,0,1,a1b8a10c569ae460a3abd86019d86c759ab6ab20
641,0.21,0,0,a1c4d0665bd6e3fd633662fb7d13b082aece08f0
642,0.18,0,0,a1d590211760f5bf19e04d8c253c1f7cecbf46b1
643,0.07666666666666666,0,0,a1f430d30149637e07a288c70b40edd57600f8b8
644,0.22666666666666666,0,0,a2059b67b207d908b1c65c78dd806b1f5e79582d
645,0.12333333333333334,0,0,a2a4bdd0607d87448c0c4a0e4c5bbe3f3025a10c
646,0.14666666666666667,0,0,a2d9645703e54623df3593a3e5629fb3ad60765e
647,0.013333333333333334,0,0,a2f2a0e0d2f9516d86ef5988e083f70804c3977c
648,0.023333333333333334,0,0,a342c0c55561f03205407c10b9f62ce6766cf7d3
649,0.07,0,0,a42e40706667a0bb8c7a9b6740f853feacad9623
650,0.023333333333333334,0,1,a4b5502904b72f3503d70104c1d1296cf6f7d30e
651,0.013333333333333334,0,0,a519752eef157aaa03c9f6169eba1ff1b5a9f1bd
652,0.12666666666666668,0,0,a5371712ce67b8e769f5fc12a3048dc5d0eef3eb
653,0.18333333333333332,0,0,a539ac56f0762d4a6c0e431fa33f1706c6dee7a8
654,0.6066666666666667,1,0,a5a88c7ed30deea47a4e1f63bb29523bc0af36d0
655,0.5066666666666667,1,0,a5c101da4bd6371fdc116690ef0c354868a571b0
656,0.20333333333333334,0,0,a5f529d24d016d434a7ceb116bfeb9afb1660d06
657,0.37666666666666665,0,0,a60f5e9aa1650556a969bad1b403a2dd4f79d148
658,0.17666666666666667,0,1,a62f01a1abe4fc49b099f0e0dfab827e5f78e80c
659,0.02666666666666667,0,0,a6ac8af69351cb39aa07f53e3327ff29b90383bc
660,0.03333333333333333,0,0,a72a3f4c956338b05db2c6fa958112cf5df8dcad
661,0.08,0,0,a7551a20b2f54daf952097a93126c554b91098cc
662,0.59,1,0,a79aa79b2ae1222bd8776cde10bebeefc6bc8791
663,0.5144444444444444,1,0,a7d47c4ecea903f0706ac313abef888507ce0522
664,0.04,0,0,a8024cd667b9d1a3aa5ce2fcfb6725b25ace9b6c
665,0.26,0,0,a829da8111520e38a3ce400ba35307f685dad0b2
666,0.53,1,0,a84c910c4e4fe3e60c5fc0e8d82658e8ec8bfd1a
667,0.05,0,0,a8ba7513705fe2a4c9d776c8833ff0f7f6d43ce4
668,0.05,0,0,a8fcc946b650305ab3dc0324f2b7e799d817dc4d
669,0.006666666666666667,0,0,a9b51ea8421939ddc1d9a964dd58a1067fc2a167
670,0.08,0,0,a9e3784c1bc36f3d8c99b9da5518acc00528c744
671,0.11,0,0,aa3e64f9125e4c41de90213b75b2826bfd663527
672,0.02,0,0,aa40c8ffce9a4163341b25af043be50131bd999b
673,0.46,0,0,aa85a97ca2dcb06996ed133d864705f1dca722b1
674,0.09666666666666666,0,0,aa8938d696e6e2ecf23709f748de825dc2d07fd0
675,0.08,0,0,ab29496714296161ce60b3cd59b85289c3f8889e
676,0.06666666666666667,0,0,ab44f97c2ee64b9897be0964e0d9fbc95026bd14
677,0.09666666666666666,0,0,abb752763345053b018a25eca932bd4193df72c1
678,0.22666666666666666,0,0,abba5574ca219ea3180edfa018ef36d98015394a
679,0.19666666666666666,0,0,abbc5353336001572290feb8d06d65094b83a7cf
680,0.056666666666666664,0,0,abc129701d0271e7838285403a662ce872479c63
681,0.03,0,0,abc9a0d5df70ee00ba38e655a4d88ae18417f0e3
682,0.03,0,0,ac5df2277968598914aeb803f5d7b57fabe876f0
683,0.016666666666666666,0,0,ac81d9d345b233b6bf84e5b7ae48004cce153510
684,0.15,0,0,acaf9f83abe37a41a687936bb03f20cc183e5aaa
685,0.11666666666666667,0,1,acebf769a41a9a55cdc6789bf4962ea64cf87773
686,0.08666666666666667,0,0,ad45eb32a6be5b47b89508d3dfba409434a049e1
687,0.22333333333333333,0,0,adb8ba7bff2bc4e2657cf84e9f061433ff947a73
688,0.5366666666666666,1,1,ae6b7642e8d32ef5fa75cdcfe55be23c052fd547
689,0.25,0,0,ae6e288072f833b11c557747d354c6e5ba71a439
690,0.12333333333333334,0,0,ae779e4bf761d2fd1df85d71c412c3d963be021b
691,0.15,0,0,af020da544ac4cf21b293d23710545ee5cdcdfa4
692,0.23,0,0,af911f12fe726ae17601e2381455742882ca71e8
693,0.36,0,0,afa4f70024be30cb1a0b84b9744f044f2532904f
694,0.26,0,0,afd82e509b9f661afd04acd370cca1903f7d9eed
695,0.03333333333333333,0,0,aff4a399ec7fc480c8359d0df40304049ff44d79
696,0.043333333333333335,0,0,b15a16a36355ae927bca7395c7ae215d3b32c6d6
697,0.38333333333333336,0,0,b19b986a980304aa4cf9d916d81e0a2fff5007b3
698,0.08666666666666667,0,0,b22bc5d4356d118be35d4ab9bf2294cea090c82b
699,0.38333333333333336,0,0,b2371aeff9eccbd28952dd0f568da26722dc58f7
700,0.44,0,0,b27a6cb39968ebd7a1d55322779dc862682d1364
701,0.11,0,0,b28f74c94f7cb7f4a223725d45bb03da3ecd813c
702,0.02666666666666667,0,0,b3257e09dbcbd87ac1c6f70a0ea255197d790835
703,0.12,0,1,b34cd7485074e52f1facac900b0460883c6460fb
704,0.69,1,0,b362daeff5d3156978de546beaa5e85c83238a7c
705,0.056666666666666664,0,0,b372d0b63e4198f865e826d3771880d07f939f39
706,0.27666666666666667,0,1,b3c9cc504903eccbc68c441a81b0a727a83117fa
707,0.06,0,0,b4523032029604df34e045d6f6777a695328cff4
708,0.5233333333333333,1,1,b46a0afc37ce2f93bcf3527593eec1097792cae5
709,0.17333333333333334,0,0,b4b126d41c4de71794ed3b601d511e15c9718af9
710,0.38,0,1,b53ebc7a8a25478492d89c1c12b959f1ce94cdc2
711,0.18666666666666668,0,0,b62299376a5a6ead5d547e6c00a74faf011442e5
712,0.09666666666666666,0,0,b66c3361be2095186e19b0d44e49a8b2c48f7235
713,0.3433333333333333,0,0,b68da99b22614f0207645b3df2566f6187c571d2
714,0.45,0,0,b6b9ca1136de4b1dbb01b059d8e954dbaf0508cb
715,0.07666666666666666,0,0,b6dd538569ebf0f1580c8e1fadc5e0f8054c9b08
716,0.10666666666666667,0,0,b71a4597e5daca229b78e3b3c357f8f3a7229a55
717,0.0,0,0,b73c64dbe41881096873f040df1e2e4da3227580
718,0.016666666666666666,0,0,b79db19baa1d77a7fd0d0bd4edc107131d62c540
719,0.34,0,0,b7b7cc8f67073dabe2d6c97e87b49b9ea346692a
720,0.03,0,0,b84d6237729efb9241d934e2d06d77bf9adb8471
721,0.03,0,0,b84d71c6bcca04a47407ea8491911b8584e395bb
722,0.06666666666666667,0,0,b856e1778d347a9044a645e9e49eb38860b069c3
723,0.47,0,1,b864a08b2aa7e7ba953dd4afce2c3042ba963ae7
724,0.27,0,0,b89ac55c05e723731d0df01c7a6e15c7d439f7f5
725,0.5466666666666666,1,0,b9031fb0ad890ad45530ccfdb4ea9df8b715f111
726,0.043333333333333335,0,0,b93d543d179f14b08aaa63429287780313744f70
727,0.03333333333333333,0,0,b95331589b006ac4981f9558955b294543f2c737
728,0.22333333333333333,0,1,b98704e80b030f3a7db60cf244e29521008e94f2
729,0.04,0,0,b9a2ad044c68212665c15aa49f1257cd4168c738
730,0.12333333333333334,0,0,ba17ee92f4110309da305fc2a80941abc997871e
731,0.19,0,0,ba21072a43183388e53f47bcdac074cb6246ed83
732,0.5833333333333334,1,0,ba242d91c54b36628e03332a91adfef40e32ac32
733,0.08666666666666667,0,0,ba3fd166055e5d6b12a35f8311b5655b659f4367
734,0.023333333333333334,0,0,ba6a4a6b86c563b6f7fe506db1b133a909e9020d
735,0.06666666666666667,0,0,baadaa9842ad4ff8b637466affd3c9f2213b55ac
736,0.56,1,1,bad23ceff8257d955e4247423e3d3ce95dd19743
737,0.06333333333333334,0,0,baec89a1b09fc68d4028c4ff77431b1da17822ae
738,0.016666666666666666,0,0,bb4a7e007bce079b167c322228e0f37ad80f426f
739,0.043333333333333335,0,0,bb67b0137e8faebc8892c9176775f02f6dbb920b
740,0.2866666666666667,0,0,bb83f1a743150779e190705d2875a2319720c60c
741,0.69,1,0,bbae95c7f3262a5107b3f178bce37bce97b78771
742,0.07,0,0,bbd9c3d0a55b548a8a664239f82876fe6567e21b
743,0.013333333333333334,0,0,bc0fb113af225878b4305da7d834673a6b7f5e97
744,0.20333333333333334,0,0,bc115eaa477d30826ac17986a6e45844b456e206
745,0.0,0,0,bc1947d2e9c21c19735a9470a498234b94b8d9c4
746,0.02666666666666667,0,1,bc4c382f115c50fae1e00a64ec12869a29e34460
747,0.36333333333333334,0,0,bc87669e9adb7a3c3b04927581dcba6c97706612
748,0.056666666666666664,0,0,bcb30fcc6675473a08c0e97eaec5fd8f15e0fb72
749,0.24333333333333335,0,0,bcb99833e7f0c628df4e0778aee4a3bcd92588b4
750,0.2733333333333333,0,1,bd00f0c8c93d70a535fc46f9752c2dc12abebfb7
751,0.006666666666666667,0,0,bd17bfbbfeb741affd73d6a7f7a1018cb32db1a0
752,0.44666666666666666,0,1,bd1a8482c530376acc5fedbaa46477cc003766ce
753,0.13666666666666666,0,0,bd32abf9bc9d628f6fed510c223689de9aa8b76d
754,0.01,0,0,be019af1e9f1fc908d740122ae518505a587a114
755,0.3,0,0,be4102b0577937c0193703ace9ae7591197341de
756,0.02,0,0,bea0006491ffb701161948c32920960a1e06fd37
757,0.10333333333333333,0,0,beee11edbfdd82cd81bc9c0fd75912c167892c2b
758,0.64,1,0,bf882fbc4aa68cf0191bce70e622d81969617c02
759,0.43333333333333335,0,0,bf8bf46cbbe7428c9a12886604fe5aa10019aaec
760,0.07,0,0,bfb66019edd197141ea1462ba78dd27a2ed0e40d
761,0.6366666666666667,1,1,bff120a4775a1b1f3846a27c38d8eff4a678fd24
762,0.08333333333333333,0,0,bff8604fd27fee588facbd429aaedcf227cd5871
763,0.14333333333333334,0,0,bffa08e758e52c6bad4faae128daa0214637631f
764,0.06,0,0,bffaf03a81b2402b83c62f4effb9dfb7f6588148
765,0.26,0,0,c07be927fb9622bf2a83c03a2a1cda3bbed760b0
766,0.5633333333333334,1,0,c07ed15415c0ec3c5862f437f440632eff1e94df
767,0.38666666666666666,0,1,c0872500481007b318844bbb1d1b7dcd4cd54601
768,0.013333333333333334,0,0,c09a14089a5ca7cd3093895ee0248876499a6d06
769,0.27666666666666667,0,0,c128dbc74a1a2d5633bfcca1354cc22eba2e51ab
770,0.25,0,0,c15a794a832e0453075d363df949684c0fb86657
771,0.5266666666666666,1,0,c1827a074654d2e8d07e93945fa605ad3b6c18fb
772,0.03666666666666667,0,0,c199a14039ddcde63896456ee25db68da1afcc8f
773,0.07333333333333333,0,0,c1c19b11792e8e220b11466051739ea5b4279a7a
774,0.4066666666666667,0,0,c1e5e3352a71cc61ba9e7dba0d9048d8b766e2c0
775,0.11666666666666667,0,0,c283bd07725cfc0a3834ab46fd28f1da6d51bb19
776,0.33666666666666667,0,0,c36ddaf930ba309be3c127dc1836f28a8ab97c5d
777,0.0,0,0,c3797dc5e2532482327c5e8c94964b1d54e9c719
778,0.03333333333333333,0,0,c3b4f24883c04cd139292ecf9cee31cff43e3973
779,0.14666666666666667,0,0,c3cb44d688bf3225ef7bddf7b2d259f9da24d308
780,0.043333333333333335,0,0,c3d4a63021cbf1ce7b82db4dd8aabd71126f9a47
781,0.02666666666666667,0,0,c3eb788637f21bc8887daa0bbe6784a232bf39d3
782,0.44,0,0,c3ebafa79540c891288b4dbda8f44716e98ae9be
783,0.18333333333333332,0,0,c441af49814a57fdcc5482746bebbb6b80e46cd5
784,0.5166666666666667,1,0,c47900064f2f3b4384cfa3fd6fe21f452514fa36
785,0.42,0,0,c47bf9bc3835d4399185376ac07920ef903d79e8
786,0.09333333333333334,0,0,c4d3c1c0349392cb5032d0fb870515f6c9e8385d
787,0.07,0,0,c4f5761101892fa83823240eb4f878b5cabd02c3
788,0.18666666666666668,0,0,c569c6ed7a44a7bcc83a70f9911c082efc85c8e6
789,0.45,0,0,c56d677a7313b8b29406eaebdd27e59b2c1ee927
790,0.6366666666666667,1,1,c571ebb89bed12f7fde47d1c45d04b1a13382af0
791,0.006666666666666667,0,0,c6a30c4bbcdb99e1eb1b6f782c39a1ef18c4ad08
792,0.02666666666666667,0,0,c6c458e6b6cd39b94f89c112c477cee9da8f7f45
793,0.49,0,0,c729ba8c0aa4d283e84d139bc98e0e89fd933c4a
794,0.03,0,0,c73d15d347ba5a973e257932ffb9d6012939e3a5
795,0.09333333333333334,0,0,c752a6609f9d32d4a4ac2d6f20dba78aae4241c4
796,0.36,0,1,c7646aa88d564694b99a569c3cdd2c7ffbbb745d
797,0.33,0,0,c77571e9199c756825d6805e5cb916973c010b64
798,0.07333333333333333,0,0,c7eae70e1fd72eacca36a4baf08325dd00957f2c
799,0.016666666666666666,0,0,c82c719f9327fbeeac147c10507897216936cac8
800,0.38666666666666666,0,0,c83bce1ce69bf704fbbe6ce944094c14e79996d2
801,0.10333333333333333,0,0,c8b28ba4f42c22df63d6b086166e5a7f59b82e8e
802,0.02,0,0,c8f0a545bfafdc72bae0a43df78ae51835e35232
803,0.17333333333333334,0,0,c927949616be6e961b2750a3dbe1935f875455fd
804,0.03666666666666667,0,0,c95162e52899618fc269fb536f6a2d3b26b7794d
805,0.43333333333333335,0,0,c9af27c2302dda74e702c1cdc50a521fe0b32431
806,0.41333333333333333,0,1,c9b6c15d5de4d5ee326d7a870c2b2668f7909efa
807,0.023333333333333334,0,0,c9d6c65dc5e820e581b6c0582053b4cd0369553b
808,0.12666666666666668,0,0,c9e5b98464090e59d43c653d4f5c9dde87ea6f5c
809,0.24666666666666667,0,0,c9f15e3a51658c6b406521d87a95e94f25edf977
810,0.16333333333333333,0,0,ca0e7295f44235c7d64954a225a172718a074dd8
811,0.056666666666666664,0,0,cb417e2be13d061d123b448eaed7c1e4c18d6748
812,0.5666666666666667,1,0,cb448db52cb90c079bdb2ad415776e9e28fa790f
813,0.12,0,0,cb49e5407cc1db0cd3533b57a12ec99a7179abd7
814,0.06333333333333334,0,0,cb6291add6dccdb8c70f4a5b88a84fdb720ef347
815,0.17,0,0,cc040a9c29361caa7cc02253e529c75b13fb2759
816,0.016666666666666666,0,0,cc1839ecd2681f96f00e9154d4caa8dc61ae4859
817,0.48333333333333334,0,1,cc70e3a28df3c8492769b305d248bb4d9bf32830
818,0.08666666666666667,0,0,cd6d82ee4f4bb980a1e2a61977d7ef1a9d3ce54f
819,0.23666666666666666,0,1,cdf5e432de2cf1c0c5466470a6a0bccf999fcdd4
820,0.2833333333333333,0,0,ce4dbbd7d5d9a1266b194ae0ae5f923697d36318
821,0.26,0,0,cea9e39dd70e6b5c5f0e5aac5e9b7fc477ab990c
822,0.8566666666666667,1,1,cef7dd6a8fcd1e4ab148dd228129e267b1e82232
823,0.013333333333333334,0,0,cf2df80daab0df4104368ccc1a62c6e313ac6c8b
824,0.33666666666666667,0,0,cf6e7ac1e4a9fdab81476741849f8100c10b9770
825,0.56,1,0,cf8b2a2026cf8606de0f9474bd2e1563d662b4ab
826,0.023333333333333334,0,0,cfa7a261f30b7b3158862aa6ba5916549a904f3d
827,0.03,0,0,cfe8dc42254e6f808bec61f89ea4a43504704000
828,0.1,0,0,d00f09f2ebfa17b1b66ac080f4719f925e0777de
829,0.03,0,0,d09eee32aa0ee756ce7062d61e7e006b6346fe00
830,0.20333333333333334,0,0,d0aa02485614ba8e6258c6743d03e83bc8983f2f
831,0.1,0,0,d0c5befd00f142b2f4a046655246e047cfdc819c
832,0.48,0,1,d143540ad1b69ec93c2b7bfadd1f654c4d8c7a34
833,0.49333333333333335,0,0,d14ac4bf38f23e429572f210f7b0560493968b15
834,0.08,0,0,d15830883eba4b8fb64e0e4760a217ff832f288f
835,0.0033333333333333335,0,0,d17a741857f0bb03081806984d6fef3182661a46
836,0.11333333333333333,0,0,d18b6d8d5d6ca8c0adf3b98b488042c49394a072
837,0.043333333333333335,0,0,d23a96c4b26252f03007de8cfeaebe9aa641babe
838,0.056666666666666664,0,0,d281149ea0f860c7c862f7897710d2e1fcb681e7
839,0.7566666666666667,1,1,d2a5c0f982e8e4f9fbdce17b90925b8d8df56c75
840,0.006666666666666667,0,0,d2a81315316a95dbb6888f778e4f207582c626c3
841,0.13333333333333333,0,0,d2c99f080ad2ee03c380b58b9fbac51cf16a57eb
842,0.11666666666666667,0,0,d2e7bb04317f62643ab2005b601da2265c502c93
843,0.44,0,0,d335457f48d09c3d780c92413fe777030c1335e2
844,0.016666666666666666,0,0,d35e558b9347761b31eb311173e57eabe0f2fa4c
845,0.03666666666666667,0,0,d368afbc74924bb865c90c984a7c5e978fb9473e
846,0.2966666666666667,0,0,d39137fa27cb175ba22f3af4ef06a93684b9d86b
847,0.03333333333333333,0,0,d3b62c1b49e4dc05d266ce679724c236456f863d
848,0.43,0,0,d43666bce77bdc67146c23663b8a21746d7d41ce
849,0.013333333333333334,0,0,d48dd03e4278ef3d6ed50521f595254167726d3c
850,0.07333333333333333,0,0,d4a7eabec0efc22c568d476b2237367d51a5025f
851,0.023333333333333334,0,0,d4f151214ee7db8bd1e40258206a79ce3aee75cb
852,0.3333333333333333,0,0,d518c8f39ef7b39cf4508c41e163d1cc89a5571d
853,0.24333333333333335,0,1,d58b4fd21304ec2f4e8445ca20cbad1518cae044
854,0.21666666666666667,0,0,d597993a07eff1b8b88b11e7dc44edaf177067b8
855,0.5433333333333333,1,0,d5a70de4793a1e44056c55121505edc63fd36969
856,0.28,0,0,d5e8f1af673dcf9e0bb543dcd9e4910c2bdd2384
857,0.03,0,0,d63a7012d221753de71dd2c3fd8c1dcde15a33c3
858,0.08666666666666667,0,0,d64f61f976a0243f48effd97d1e5e2e0bc20040b
859,0.09666666666666666,0,0,d65425453d215ad64e2bf31b66a3b613c6e7f879
860,0.14666666666666667,0,0,d6935af9b3cdf73cc5dac2006d76a95e4c6cb35e
861,0.10666666666666667,0,0,d6c527bb6b0ee63fc07b91855fcf4e15f7a03821
862,0.16,0,0,d6c89b5d8b77dcdac0d217cf623455735ef91f8b
863,0.013333333333333334,0,0,d6f50e8476feb3c76db485fa033d0b1c22ee024d
864,0.15333333333333332,0,0,d73113a52c9317bef143ffc545c42054b67a49dc
865,0.05333333333333334,0,0,d759821b287398f1422af862abaf133ed23e0736
866,0.20333333333333334,0,0,d77376e315127aa62ee2e80f4f0815358856bbd1
867,0.24666666666666667,0,0,d7743bbdc3e992d9f9cceaeaa2919cd70b422364
868,0.3333333333333333,0,0,d7f1221684ea3c958f0a382764074adb5ee6cbcf
869,0.08333333333333333,0,0,d81d0f0074f73963340d01c07440b0a271629b29
870,0.006666666666666667,0,0,d82f4f6a7cca24fa4069d3cde029f1ad798736c1
871,0.0033333333333333335,0,0,d89ec966ead61f8d90f204c157c74d5408d4cc18
872,0.09666666666666666,0,0,d8e0492ea80adae990f35930465d6e905a3be061
873,0.4066666666666667,0,0,d8e4c91ebf589583ac79291de7a5e2c3f033962b
874,0.37333333333333335,0,1,d8eeea1bae6f0992f05b5438fd65d411703ce0f6
875,0.27,0,0,d8ffb4bf424c73babbeb5ce1c19476ba95940f94
876,0.25666666666666665,0,1,d93e466857f75073b243fea9901ea21b77753485
877,0.0,0,0,d95235a2372912f286f6710d5ebda15df7cf275d
878,0.2966666666666667,0,0,d9671f7c73faf7a829a99d0d7dc16cc067313b77
879,0.023333333333333334,0,0,d99f1b4a10d4c2c918a939a4671583411a3df466
880,0.056666666666666664,0,0,d9f88f7b9e2d82ddec32d1b25ffb9e8e46c9232e
881,0.14666666666666667,0,0,da1fa5dc93e6e64d397e8d00769e34828669e010
882,0.016666666666666666,0,0,dab6261216dab3879c45c4e89f29627a16d8db1a
883,0.13,0,1,dabbb1bfc567b06573b55a3e250cd3d5d98ade16
884,0.38333333333333336,0,0,dac602738e17691266673147eaaa780272d67367
885,0.023333333333333334,0,0,db011d79ddff5a7546d73f8ae6af94faf11f3144
886,0.06,0,0,db4cd7f0907d48b84bd10765344436c3d2c4d5a4
887,0.27,0,0,db592705d996ddc0e353c13d0e1e0e62262f8df9
888,0.06333333333333334,0,0,db7798a973bb05af5d4668a9f9b20ce62e8a47af
889,0.05333333333333334,0,0,db8b10a796be9e6e0951ad231b3f857a2486c5a4
890,0.07666666666666666,0,0,db8c62a2bffa223c150049268fffa3f1c011bcd3
891,0.7566666666666667,1,1,dbacb52f420364cb85500a9c132207670afef4b5
892,0.22666666666666666,0,0,dbee58e7bb2ed1df6bb513247ec7ac07387ff5d1
893,0.5555555555555556,1,0,dbf0b22abb5a55e3bab5eb335eb47cd843a7a43d
894,0.08,0,0,dc0751ff4649d4b1ae642222704c244d5995138a
895,0.35,0,0,dc1108ecd7835bc8e93d1556c757ed3d935bc11c
896,0.4766666666666667,0,1,dc2a196642e4f06da172426e3612aae169b18ee5
897,0.02666666666666667,0,0,dc54013c130bdc8afc6bb931198d3d0bccb23ad2
898,0.55,1,1,dc8de426066969a3f0624fdc2a7b29371a2d55bf
899,0.3433333333333333,0,0,dcad314fb9713104f0029311c43907e362ec6d49
900,0.66,1,0,dce64683291ba2cdb5e6617e01ccc2909254acb4
901,0.12333333333333334,0,0,dd143a619900792a0563b9ac4fe1f78197291d94
902,0.13666666666666666,0,0,dd3f96e91581f465a52d10a212eb51b147dc38b5
903,0.04666666666666667,0,0,dd9dc366557c0eccc6e2166f5ebea1d8271cf75c
904,0.22666666666666666,0,1,de15e0b9c51cf9124de41258c1e3d774de215213
905,0.4766666666666667,0,1,de31210c05f464c4a79255de68b1a515d9b84ed3
906,0.5433333333333333,1,1,de4b5a2bba57cbd5294fb6f9527d64b8eeddf901
907,0.4766666666666667,0,1,dee13e6a3660f94cbbc143151e9d4046882f2032
908,0.07333333333333333,0,0,dee4c862f241a6f12fdb6f0e7c48b32063ef6fe5
909,0.16333333333333333,0,0,df03a9b9b7025a0e13d9387a74c304875dec0918
910,0.13666666666666666,0,0,df4c02f6303809e1c2627555c1ee18fff8efc3cc
911,0.25,0,0,e05566de71f39acad3566fc31ba1053d84130c03
912,0.24666666666666667,0,0,e064a4ea750a6237dabf03202b1dcb6fa435c7f6
913,0.06,0,0,e1165ce1180bba1a11098cfacfe3c722a084dbcf
914,0.013333333333333334,0,0,e12a6f61bb3d9ce2ebad4ea3aa97dc6455f692cc
915,0.47,0,0,e134f81d85f42b87238f7786b0b50066129c968d
916,0.023333333333333334,0,0,e1a54e58b507126c16c0793ba1743535ece8dd4d
917,0.4866666666666667,0,0,e1a743a7eab1aaa8686873fc94249cefebd90e7c
918,0.06333333333333334,0,0,e1adcee5505b79a20b7951a9b76e5198eb8e562e
919,0.03,0,1,e1f04d8ef1d7dec03d71fb6e9ad13f759e1082a0
920,0.5733333333333334,1,1,e1fdd8f9b1536c75e36dd74416dd3aad1495e203
921,0.056666666666666664,0,0,e222585c98b2176a2e8a8b0ba2cac901491764d1
922,0.15,0,0,e24e3510d442e4616ef570dc108b6d537777a8d8
923,0.4666666666666667,0,0,e25c105740bb8a10ad05b188f8262af940539baa
924,0.26666666666666666,0,0,e2a58aa47dc94fecf314d7b7c786d8feccfc0946
925,0.14333333333333334,0,0,e2b03267fd0f33e46d21d938f2d19085f4bb3e21
926,0.03,0,0,e3da6b07a0729db9ba5bc6b09952add79206c7e5
927,0.54,1,0,e3ef5214c664e44c125fd80a25418141146ff381
928,0.12,0,0,e4006778db0aa75da1958d0d59340e1d553e8c85
929,0.09333333333333334,0,0,e448b2f5f7094ed64a203785221c88edd1dd88b8
930,0.043333333333333335,0,0,e4b3874ff15b491ad02627afc00c0fc92f2eccc3
931,0.17333333333333334,0,0,e4d52f45c65704a3c153137a3d997aa3cccd8a79
932,0.09666666666666666,0,0,e56cb998c578ff1b6b0ba47d3f693c871db6c7fa
933,0.02666666666666667,0,0,e63d30fc6bd4d89b4d394fcfeabb592cbe26881d
934,0.3566666666666667,0,1,e653a0032d21729ebd4ec4edd0045cad0f0ab430
935,0.1,0,0,e67a27bbfde21f5086076a43ac9cd84ca30871d1
936,0.023333333333333334,0,0,e6ac12041ebe85fe9d46ab9346ae0bc9ef0a3599
937,0.1,0,0,e70a9e9c7d9faaac249143b19d4bafd8004d23c2
938,0.023333333333333334,0,0,e7787ab9c2042bb3b4f28189f7f075638c72db98
939,0.14,0,0,e7d74ba42127978579fc0f53db19047e7b55323c
940,0.41,0,1,e80cf75fc0f25f6279200f59a70fd7c6e4766b0f
941,0.24666666666666667,0,0,e88218ee0f4b04c86ed6f611d4566e38427f3075
942,0.05333333333333334,0,1,e982536084681328e912db7cd5d8a6b3e0b03b21
943,0.26,0,0,e9a8628b01853c8254dc7fde3ef4cbdb7db369d6
944,0.15,0,1,ea172068114cccb820f1c633b41380a83caaf778
945,0.056666666666666664,0,0,ea29aebf7ca7f3843579d5d860d31723bd04af57
946,0.4066666666666667,0,0,ea7858176b00ab99c22b506a2658e8199cbec8cf
947,0.56,1,0,eaef552a1f0c4161d8b303aa4a0090ece9ab9a4e
948,0.08,0,0,eb1e9ae114eccae373157c5391d06c97eec1e0a2
949,0.37666666666666665,0,0,eb4aaa97bd1e1c7e541a0ad109fb23dfee0f9c9d
950,0.5,0,1,eb87f1fae8f13c7ab09c9fec56bbfa1fdfdf17fc
951,0.016666666666666666,0,0,eb917b8ca016c3d88aa22da2b358c8c506857043
952,0.06333333333333334,0,0,ec75d1e343da744c8e033f62a4f82fea4a717539
953,0.06333333333333334,0,0,ec76f28b9b17731825d3c6c864b5d8ee728bc79e
954,0.013333333333333334,0,0,ecaa93f9b051d806edc7b48e67eee638bf8e70cc
955,0.09666666666666666,0,1,ed16167425c5a2a610ce503c3084bb3b2a03ae63
956,0.7533333333333333,1,1,ed263e68e2236f5136df01373c4d66a433769e5f
957,0.17333333333333334,0,0,ed8b4706f554e5ae5d57f6017b1fd762216dad97
958,0.3233333333333333,0,0,edd17eae6ab9101f8d780ced3b01b8eec8c663e1
959,0.07666666666666666,0,0,ee50436938eb8122185b08681803d07f16dcd3c1
960,0.07333333333333333,0,0,ee5c3b0bb60918a7e59e89ceffbafa2f683b74fd
961,0.18333333333333332,0,0,eeb6f8c77f199028f15bd094a48bb0ceb490b9bf
962,0.41333333333333333,0,0,eec5c1afa15ae80fa9403fb6bc3271e902afb070
963,0.16333333333333333,0,0,efd82e0265efbbfa43ff7ebb7523790b81299882
964,0.016666666666666666,0,0,f005a70a6f3cdee0aa0fea9c64e0c5b8bd597ba9
965,0.44333333333333336,0,0,f08b67f38116fe9ee596f3c0611424f33ac423c3
966,0.03666666666666667,0,0,f0ac56b5fd2e62b0483654f7bb4381f7554e4646
967,0.6033333333333334,1,1,f0d5dee0d3aed14d9c49df073a220c19e695461c
968,0.11333333333333333,0,0,f0eb25a973585e6a6cdb7c69a342fc6a38055e0d
969,0.12333333333333334,0,1,f0ff4d51057080e769407e873e5ed212f15b773d
970,0.13,0,0,f10279662a0775e6884bd1b58933752e6f982ca6
971,0.05,0,0,f10f67dcc82dc7fda5aaf546b145dad34db82f7b
972,0.53,1,0,f164a60f15ea042b04b250ffc2001beda4f3e4bc
973,0.09,0,0,f184a386271b8305023c90186244a370727b2535
974,0.59,1,1,f1b9ac5a542a3125d757094fccda80c80c6dd420
975,0.08333333333333333,0,0,f1bc67c24bb3165acaf87b7bbdc48b23a8559534
976,0.8066666666666666,1,1,f23a8a74b0c5d540d9b96678d53ef8c557630876
977,0.44666666666666666,0,0,f25681ba5509c7037ea5831f9be09eaeb3aaf889
978,0.016666666666666666,0,0,f2c3e1af9cf0ad1fbf7753cd2e5caef9bd297cb5
979,0.006666666666666667,0,0,f2c50166f94bc22f02311a9ca19ebebf26547d13
980,0.10666666666666667,0,0,f2cccd039178aae163cfc99200e537386638d02d
981,0.016666666666666666,0,0,f2fc0929d29c5722aa479911706f2294d6876b91
982,0.5533333333333333,1,0,f3055e77efbf1e9de23996fd6d3aea3135796f3b
983,0.20666666666666667,0,0,f3076fea667c3eef4746440b4b80e9d0603ef3a6
984,0.0,0,0,f380c9e5745ff802ea8ec4fac8346c6e4d6b5261
985,0.22666666666666666,0,0,f3bd9f2ddf2888019d218e857393a035e7fa3692
986,0.10333333333333333,0,0,f43758602627a4eea7e958783c097010517da979
987,0.7933333333333333,1,0,f43eb49f56accab87e4d1b6defcf78d1e697f9e6
988,0.03333333333333333,0,0,f469d4214f0d60a02a2f03edf512ad22e17432d7
989,0.2,0,0,f48ff3c851670e6b0e005eca89566c5c970f0b77
990,0.20666666666666667,0,0,f4c06c231a1fd2d2deae0395f0e6edf8e00d8e71
991,0.06333333333333334,0,0,f4f6464f58482fe0c1193cadddb2db56dc4a2434
992,0.5633333333333334,1,0,f572a5eb93bff8b57b8a8a4aa92df86750c0843a
993,0.01,0,0,f5d33051b6d9b0dd0fe08692758748ed34d50136
994,0.15,0,0,f5e4cf8e3edd1ce0ebb8c0c7256be07d094896de
995,0.12333333333333334,0,0,f5fa0224686c259188e6b85115fa16939c20cb29
996,0.023333333333333334,0,0,f6584a6f22be3f7a0c089901d417293046905989
997,0.11,0,0,f691ebe03916a78cbf18017d628a28b17f147700
998,0.23666666666666666,0,0,f6ba144af86f7d41f6b2c6d895b557dd407f11b5
999,0.05333333333333334,0,0,f6d384d7a2df5ba603bf7862853e9cb9fc70fcb4
1000,0.46,0,0,f6efce746d02c18de006d07cc4c160dd9ca451d2
1001,0.48,0,0,f7358a0d130c02af07cffa795c4fc756b21eca1e
1002,0.5666666666666667,1,0,f74339c3ced728b0857acc68175a3d22cbd7fc06
1003,0.08,0,0,f77ed34d097ffaa98b44fad2a39b12c938122596
1004,0.0,0,0,f78746062f942b30d73f2575c41dee26b3619f2f
1005,0.14333333333333334,0,0,f78b0f9b054ef4af992613c718df65e4aeb8ebea
1006,0.17666666666666667,0,1,f791565c5bff7b08bc10af538e54d0505457ef41
1007,0.05333333333333334,0,0,f80e924737c0db8025aa71cad2f83f74f8ea742b
1008,0.6433333333333333,1,0,f8de8c4450ab0d8483ccfcfcca48e21fea71c637
1009,0.4033333333333333,0,0,f95bc9ba1c1c25236727bb46963cb851cf9b9758
1010,0.27,0,0,fa1f7d9420150dcfa30f4197b20813fcbfd3d9e0
1011,0.02,0,0,fa5079c257c00b8b56138233aca5755c54db9143
1012,0.4,0,0,faa938c1650d892b945795112eb2850212b28ccb
1013,0.55,1,1,fb9886b903434321e62373cb4c11ba014921e4df
1014,0.6633333333333333,1,0,fbc6b991a79a147bf1411b643f5c304062e5956a
1015,0.02666666666666667,0,0,fbe692f9d727ff1f96b960794f637f26a85a61cb
1016,0.15333333333333332,0,0,fc293a750c8a83ec99d3b462b4689741c1e66a9b
1017,0.42333333333333334,0,1,fc914f66502ee066f41780e10b0e659334ffd060
1018,0.09333333333333334,0,0,fce952e8fac921ef952941dcbcfebd6fe82077d1
1019,0.09666666666666666,0,0,fd901be0c6718c26c078bb5ae85ba804b153833c
1020,0.21333333333333335,0,0,fdc775d6d52150c8314ec43ef5ab14a5b751e2c7
1021,0.12666666666666668,0,0,fe09214372f199d4cfbff76aabf76470543c26f2
1022,0.08,0,0,fea9ebc68ffa60e732201e36eca84ea26b2e0910
1023,0.04666666666666667,0,0,fee9b2ad61bb69d356e1280f0556afd808c5f128
1024,0.02666666666666667,0,0,fefdb534e1d21c4294eb5c1c4203cffd4e57de4b
1025,0.04,0,0,ff333a4e3e680451d4f7d4734d5947ee9eea7d0f
1026,0.2966666666666667,0,0,ff3b90522b0c6f02d71dc5fdea7092fcf498cd3a
1027,0.3,0,0,ff6a3dc031d782d01607e28c8bd3fb5aa396bb16
1028,0.30333333333333334,0,1,ff6e64992bf40fd2ac6618cbe50b8844e35b6538
1029,0.43,0,0,ff753cd608973f5d72a80aef0f9fb8a646fccc3f
1030,0.7833333333333333,1,0,ff7623f3c9e34a30ebff213fe19c775b1848eb2a
1031,0.39,0,0,ffd5a740b823d61a8c99af91fe7f66b87772339b
